{
  "secondaryWaveAmplitudeMultiplier": 10,
  "secondaryWaveAmplitudeSpeed": 100,
  "secondaryWaveFrequency": 0.05,
  "secondaryWaveProgress": 0.3,
  "spacing": 3,
  "amplitudeDelay": 0.1,
  "lineSharpness": 10,
  "mainWaveAmplitudeMultiplier": 28.3,
  "mainWaveAmplitudeSpeed": 110,
  "mainWaveFrequency": 0.0544444444444444,
  "mainWaveProgress": 0.21683501683501577,
  "offsetOffset": 88,
  "offsetAmplitudeMultiplier": 95,
  "offsetAmplitudeSpeed": 260,
  "offsetFrequency": 0.0566666666666667,
  "offsetProgress": 0.3,
  "lineThickness": 2.5,
  "curveTightness": 4.15,
  "circleRadius": 28,
  "alphaChannel": 0.644,
  "hueShift": 5,
  "backgroundColor": {
    "mode": "hsb",
    "maxes": {
      "rgb": [
        255,
        255,
        255,
        255
      ],
      "hsb": [
        360,
        100,
        100,
        1
      ],
      "hsl": [
        360,
        100,
        100,
        1
      ]
    },
    "_array": [
      0,
      0,
      0,
      1
    ],
    "levels": [
      0,
      0,
      0,
      255
    ],
    "hsla": null,
    "hsba": null
  },
  "waveColor": {
    "mode": "hsb",
    "maxes": {
      "rgb": [
        255,
        255,
        255,
        255
      ],
      "hsb": [
        360,
        100,
        100,
        1
      ],
      "hsl": [
        360,
        100,
        100,
        1
      ]
    },
    "_array": [
      0,
      0.5019607843137255,
      0,
      0.644
    ],
    "levels": [
      0,
      128,
      0,
      164
    ],
    "hsla": null,
    "hsba": [
      0.3333333333333333,
      1,
      0.5019607843137255,
      0.644
    ]
  },
  "dotColor": {
    "mode": "hsb",
    "maxes": {
      "rgb": [
        255,
        255,
        255,
        255
      ],
      "hsb": [
        360,
        100,
        100,
        1
      ],
      "hsl": [
        360,
        100,
        100,
        1
      ]
    },
    "_array": [
      1,
      0.6470588235294118,
      0,
      0.644
    ],
    "levels": [
      255,
      165,
      0,
      164
    ],
    "hsla": null,
    "hsba": null
  },
  "curveFillColor": {
    "mode": "hsb",
    "maxes": {
      "rgb": [
        255,
        255,
        255,
        255
      ],
      "hsb": [
        360,
        100,
        100,
        1
      ],
      "hsl": [
        360,
        100,
        100,
        1
      ]
    },
    "_array": [
      1,
      0.7529411764705882,
      0.796078431372549,
      0.644
    ],
    "levels": [
      255,
      192,
      203,
      164
    ],
    "hsla": null,
    "hsba": null
  },
  "enableOffsets": false,
  "enableLines": true,
  "enableCircles": false,
  "enableAmplitudeAnimation": true,
  "enableSecondaryAnimation": false,
  "evenSampling": false,
  "renderCurveFill": true,
  "lineRenderMode": "line",
  "upsampleExport": true,
  "useSecondaryWave": false,
  "offsetCounter": 78,
  "mainWaveCounter": 1784.8518518518517,
  "secondaryWaveCounter": 30
}
